{
    "125000000.0": {
        "TC-levels": [
            677,
            1133,
            1254,
            3700,
            8593,
            8793,
            9532,
            9532,
            9535,
            9558,
            9558,
            9558,
            9558,
            9567,
            9567,
            9581,
            9584,
            9584,
            9584,
            9584,
            9584,
            9607,
            9620
        ],
        "Time": [
            2.31874,
            2.32184,
            2.3206,
            2.29975,
            2.17409,
            2.16224,
            2.0881,
            2.0989,
            2.062,
            2.09173,
            2.06513,
            2.07469,
            2.07324,
            2.07722,
            2.06583,
            2.0896,
            2.04626,
            2.04952,
            2.07814,
            2.18962,
            1.16399,
            1.13773,
            1.13162
        ],
        "Tri time": 3.434,
        "Sync Time": 1.033,
        "Shrink Time": 0.842,
        "Scan Time": 9.514,
        "Proc Time": 100.837,
        "Total computation cost": 115.732
    },
    "250000000.0": {
        "TC-levels": [
            1133,
            1254,
            3700,
            9532,
            9558,
            9567,
            9584,
            9584,
            9584,
            9584
        ],
        "Time": [
            2.33059,
            2.31121,
            2.32073,
            2.11325,
            2.07206,
            2.08174,
            2.07506,
            2.06236,
            2.14588,
            1.18734
        ],
        "Tri time": 3.487,
        "Sync Time": 1.099,
        "Shrink Time": 0.949,
        "Scan Time": 9.263,
        "Proc Time": 77.718,
        "Total computation cost": 92.59
    },
    "500000000.0": {
        "TC-levels": [
            1254,
            3700,
            9584,
            9584,
            9584
        ],
        "Time": [
            2.33889,
            2.28977,
            2.07612,
            2.15383,
            1.1627
        ],
        "Tri time": 3.431,
        "Sync Time": 1.019,
        "Shrink Time": 1.067,
        "Scan Time": 9.231,
        "Proc Time": 68.329,
        "Total computation cost": 83.15
    },
    "1000000000.0": {
        "TC-levels": [
            3700,
            9584,
            9584
        ],
        "Time": [
            2.30299,
            2.14706,
            1.16379
        ],
        "Tri time": 3.445,
        "Sync Time": 1.075,
        "Shrink Time": 1.191,
        "Scan Time": 9.52,
        "Proc Time": 65.714,
        "Total computation cost": 81.015
    },
    "2000000000.0": {
        "TC-levels": [
            3700,
            9584
        ],
        "Time": [
            2.30147,
            1.17459
        ],
        "Tri time": 3.462,
        "Sync Time": 1.183,
        "Shrink Time": 1.196,
        "Scan Time": 9.608,
        "Proc Time": 66.62,
        "Total computation cost": 82.141
    },
    "4000000000.0": {
        "TC-levels": [
            3700,
            9584
        ],
        "Time": [
            2.30162,
            1.17936
        ],
        "Tri time": 3.465,
        "Sync Time": 1.018,
        "Shrink Time": 1.1,
        "Scan Time": 9.486,
        "Proc Time": 65.966,
        "Total computation cost": 81.106
    },
    "8000000000.0": {
        "TC-levels": [
            3700,
            9584
        ],
        "Time": [
            2.317,
            1.19778
        ],
        "Tri time": 3.501,
        "Sync Time": 1.117,
        "Shrink Time": 1.203,
        "Scan Time": 9.674,
        "Proc Time": 66.129,
        "Total computation cost": 81.712
    },
    "16000000000.0": {
        "TC-levels": [
            9584
        ],
        "Time": [
            1.17346
        ],
        "Tri time": 3.452,
        "Sync Time": 1.263,
        "Shrink Time": 1.172,
        "Scan Time": 9.689,
        "Proc Time": 71.392,
        "Total computation cost": 87.077
    },
    "32000000000.0": {
        "TC-levels": [
            9584
        ],
        "Time": [
            1.17159
        ],
        "Tri time": 3.502,
        "Sync Time": 1.289,
        "Shrink Time": 1.206,
        "Scan Time": 9.513,
        "Proc Time": 70.995,
        "Total computation cost": 86.59
    }
}