{
    "1": {
        "Tri time": 61.737,
        "Sync Time": 0.301,
        "Shrink Time": 0.075,
        "Scan Time": 6.523,
        "Proc Time": 368.242,
        "Total computation cost": 437.05,
        "# Shrinks": 0,
        "Shrink Time List": []
    },
    "2": {
        "Tri time": 61.623,
        "Sync Time": 0.268,
        "Shrink Time": 0.677,
        "Scan Time": 6.779,
        "Proc Time": 328.145,
        "Total computation cost": 397.666,
        "# Shrinks": 1,
        "Shrink Time List": [
            0.585589
        ]
    },
    "4": {
        "Tri time": 61.718,
        "Sync Time": 0.255,
        "Shrink Time": 0.99,
        "Scan Time": 6.233,
        "Proc Time": 298.86,
        "Total computation cost": 368.234,
        "# Shrinks": 2,
        "Shrink Time List": [
            0.682002,
            0.206543
        ]
    },
    "8": {
        "Tri time": 61.694,
        "Sync Time": 0.251,
        "Shrink Time": 1.669,
        "Scan Time": 6.516,
        "Proc Time": 257.367,
        "Total computation cost": 327.671,
        "# Shrinks": 5,
        "Shrink Time List": [
            0.824159,
            0.352794,
            0.207448,
            0.146167,
            0.0641232
        ]
    },
    "16": {
        "Tri time": 61.859,
        "Sync Time": 0.252,
        "Shrink Time": 2.818,
        "Scan Time": 6.597,
        "Proc Time": 230.133,
        "Total computation cost": 301.839,
        "# Shrinks": 10,
        "Shrink Time List": [
            0.857654,
            0.467726,
            0.313581,
            0.294181,
            0.214123,
            0.183634,
            0.148815,
            0.127426,
            0.0965022,
            0.0398064
        ]
    },
    "32": {
        "Tri time": 61.805,
        "Sync Time": 0.255,
        "Shrink Time": 3.799,
        "Scan Time": 6.324,
        "Proc Time": 209.348,
        "Total computation cost": 281.7,
        "# Shrinks": 17,
        "Shrink Time List": [
            0.820505,
            0.463953,
            0.344098,
            0.295351,
            0.243767,
            0.226244,
            0.197203,
            0.173454,
            0.160908,
            0.140691,
            0.139579,
            0.127108,
            0.120729,
            0.104624,
            0.0834697,
            0.0524538,
            0.0300406
        ]
    },
    "64": {
        "Tri time": 61.61,
        "Sync Time": 0.277,
        "Shrink Time": 5.94,
        "Scan Time": 6.605,
        "Proc Time": 201.733,
        "Total computation cost": 276.332,
        "# Shrinks": 32,
        "Shrink Time List": [
            0.710415,
            0.341714,
            0.44026,
            0.306564,
            0.342809,
            0.251676,
            0.24385,
            0.215337,
            0.230757,
            0.21357,
            0.199372,
            0.186108,
            0.173787,
            0.162138,
            0.172925,
            0.167312,
            0.144956,
            0.136713,
            0.135819,
            0.130286,
            0.116095,
            0.109373,
            0.102133,
            0.101222,
            0.0938694,
            0.0858372,
            0.0901609,
            0.0666391,
            0.0603641,
            0.0527614,
            0.0510875,
            0.0154115
        ]
    },
    "128": {
        "Tri time": 61.666,
        "Sync Time": 0.293,
        "Shrink Time": 8.267,
        "Scan Time": 6.416,
        "Proc Time": 193.488,
        "Total computation cost": 270.307,
        "# Shrinks": 55,
        "Shrink Time List": [
            0.756823,
            0.370149,
            0.435888,
            0.262461,
            0.340779,
            0.236656,
            0.295093,
            0.20385,
            0.228477,
            0.187627,
            0.213378,
            0.167743,
            0.192517,
            0.165122,
            0.178176,
            0.165765,
            0.165541,
            0.165661,
            0.156137,
            0.146437,
            0.161833,
            0.133345,
            0.12844,
            0.131306,
            0.137055,
            0.134132,
            0.128877,
            0.114553,
            0.111699,
            0.115013,
            0.104188,
            0.110208,
            0.109472,
            0.113267,
            0.1051,
            0.128866,
            0.0970676,
            0.0924889,
            0.0893736,
            0.0997254,
            0.0778125,
            0.078962,
            0.0689352,
            0.0801691,
            0.0661828,
            0.0696602,
            0.0549472,
            0.0543287,
            0.0486432,
            0.0437868,
            0.0371297,
            0.0272961,
            0.0188009,
            0.00983604,
            0.0144092
        ]
    },
    "256": {
        "Tri time": 61.769,
        "Sync Time": 0.249,
        "Shrink Time": 12.366,
        "Scan Time": 6.614,
        "Proc Time": 190.079,
        "Total computation cost": 271.255,
        "# Shrinks": 98,
        "Shrink Time List": [
            0.739523,
            0.343042,
            0.403802,
            0.328978,
            0.192803,
            0.335334,
            0.250806,
            0.169815,
            0.26706,
            0.185527,
            0.168523,
            0.223821,
            0.195297,
            0.159875,
            0.203166,
            0.165303,
            0.140891,
            0.189778,
            0.151569,
            0.148365,
            0.171072,
            0.151083,
            0.167828,
            0.154536,
            0.153029,
            0.135787,
            0.151393,
            0.125187,
            0.143935,
            0.126906,
            0.136959,
            0.123037,
            0.130304,
            0.119725,
            0.144738,
            0.114314,
            0.138048,
            0.119912,
            0.127258,
            0.127596,
            0.123275,
            0.122471,
            0.121341,
            0.118549,
            0.111491,
            0.118298,
            0.106085,
            0.103464,
            0.102624,
            0.112117,
            0.119702,
            0.0970882,
            0.12146,
            0.125978,
            0.105518,
            0.107103,
            0.10041,
            0.100895,
            0.0988522,
            0.0993414,
            0.112696,
            0.0942146,
            0.0860309,
            0.081754,
            0.0901863,
            0.0874655,
            0.0854475,
            0.0777958,
            0.0721486,
            0.0709391,
            0.0827922,
            0.0792401,
            0.0654768,
            0.0707851,
            0.0682177,
            0.0665484,
            0.0629224,
            0.0604349,
            0.0579585,
            0.0622528,
            0.0624962,
            0.0585427,
            0.0524615,
            0.0618764,
            0.0482607,
            0.0519661,
            0.0427064,
            0.0415356,
            0.0413839,
            0.0397488,
            0.0310306,
            0.0414256,
            0.0220716,
            0.0192306,
            0.0149816,
            0.00932662,
            0.0107008,
            0.0120649
        ]
    }
}