{
    "snap_orkut": 56.956644000000004,
    "webgraph_uk": 56.545167,
    "webgraph_webbase": 251.260545,
    "webgraph_eu": 0,
    "webgraph_it": 2155.704126,
    "webgraph_twitter": 1446.816547
}