{
    "snap_orkut": 168.404478,
    "webgraph_uk": 89.413046,
    "webgraph_webbase": 463.413145,
    "webgraph_eu": 0,
    "webgraph_it": 5753.112543,
    "webgraph_twitter": 0
}