{
    "snap_orkut": 127.872198,
    "webgraph_uk": 36.183408,
    "webgraph_webbase": 119.60093,
    "webgraph_eu": 13522.52458,
    "webgraph_it": 358.350605,
    "webgraph_twitter": 8715.601361
}