{
    "webgraph_eu": {
        "1": 15.521416104,
        "2": 8.954600203,
        "4": 4.856163007,
        "8": 2.643102139,
        "16": 1.482669121,
        "32": 1.168273283,
        "40": 1.311798984
    },
    "webgraph_it": {
        "1": 22.404293202,
        "2": 18.817577008,
        "4": 9.653547327,
        "8": 5.528648579,
        "16": 3.21384666,
        "32": 2.883612313,
        "40": 3.471815471
    },
    "webgraph_twitter": {
        "1": 119.071575809,
        "2": 72.129251518,
        "4": 36.882211084,
        "8": 19.562853935,
        "16": 10.961737371,
        "32": 8.102085518,
        "40": 8.00755385
    }
}