{
    "webgraph_eu": {
        "1": 7.01579186,
        "2": 7.232424114,
        "4": 7.214889288,
        "8": 7.350536888,
        "16": 7.240510987,
        "32": 7.316469412,
        "40": 7.18218075
    },
    "webgraph_it": {
        "1": 11.876096358,
        "2": 12.447420062,
        "4": 12.432244752,
        "8": 12.453437934,
        "16": 12.531166238,
        "32": 12.896388613,
        "40": 12.571246758
    },
    "webgraph_twitter": {
        "1": 50.718755054,
        "2": 52.240578585,
        "4": 51.931727239,
        "8": 51.231616983,
        "16": 52.372087404,
        "32": 51.347053417,
        "40": 52.0368621
    }
}