{
    "webgraph_eu": {
        "40": 743.11493827
    },
    "webgraph_it": {
        "40": 75.964733506
    },
    "webgraph_twitter": {
        "40": 258.683592943
    }
}