{
    "webgraph_eu": {
        "1": 75.177069608,
        "2": 41.365166414,
        "4": 21.150631304,
        "8": 10.941815367,
        "16": 5.795835487,
        "32": 3.997902572,
        "40": 3.57175144
    },
    "webgraph_it": {
        "1": 82.722759937,
        "2": 60.403707443,
        "4": 30.909511935,
        "8": 15.934481294,
        "16": 8.938593981,
        "32": 5.47962598,
        "40": 4.762196339
    },
    "webgraph_twitter": {
        "1": 1298.506132117,
        "2": 704.733727078,
        "4": 365.058805387,
        "8": 193.641225397,
        "16": 102.637800648,
        "32": 69.280627464,
        "40": 62.1377791
    }
}