{
    "webgraph_eu": {
        "40": 68.164446676
    },
    "webgraph_it": {
        "40": 7.692024772
    },
    "webgraph_twitter": {
        "40": 63.103312333
    }
}